<?xml version="1.0" encoding="UTF-8"?>
<configuration>
    <springProperty scope="context" name="springAppName" source="spring.application.name"/>
   	<!-- 控制台输出 -->
	<appender name="STDOUT" class="ch.qos.logback.core.ConsoleAppender">
		<!-- 日志输出的文件的格式 -->
		<encoder class="ch.qos.logback.classic.encoder.PatternLayoutEncoder">
			<pattern>%d{yyyy-MM-dd HH:mm:ss.SSS}|${springAppName:-},%X{X-B3-TraceId:-},%X{X-B3-SpanId:-},%X{X-Span-Export:-}|[%thread] %-5level %logger{36} %X{state} %msg%n</pattern>
			<charset>UTF-8</charset>
		</encoder>
	</appender>

	<!-- 按照每天生成日志文件 -->
	<appender name="FILE" class="ch.qos.logback.core.rolling.RollingFileAppender">
	    <file>@log_Home@/psys-message.log</file> 
		<rollingPolicy class="ch.qos.logback.core.rolling.SizeAndTimeBasedRollingPolicy">
			<fileNamePattern>@log_Home@/psys-message.%d{yyyy-MM-dd}.%i.log</fileNamePattern>
			<!-- kb/mb/gb -->
			<maxFileSize>128MB</maxFileSize>
			<!-- 日志文件保留天数 -->
			<maxHistory>30</maxHistory>
			<totalSizeCap>10GB</totalSizeCap>
		</rollingPolicy>
		<encoder class="ch.qos.logback.classic.encoder.PatternLayoutEncoder">
			<pattern>%d{yyyy-MM-dd HH:mm:ss.SSS}|${springAppName:-},%X{X-B3-TraceId:-},%X{X-B3-SpanId:-},%X{X-Span-Export:-}|[%thread] %-5level %logger{36} %X{state} %msg%n</pattern>
			<charset>UTF-8</charset>
		</encoder>
	</appender>

	<!-- 异步输出 -->
	<appender name="ASYNC" class="ch.qos.logback.classic.AsyncAppender">
		<!-- 不丢失日志.默认的. 如果discardingThreshold大于0,队列的80%已满,则会丢弃TRACT、DEBUG、INFO级别的日志 -->
		<discardingThreshold>0</discardingThreshold>
		<queueSize>10240</queueSize>
		<appender-ref ref="FILE" />
	</appender>
	
    <!-- logstash -->
    <appender name="LOGSTASH" class="ch.qos.logback.core.rolling.RollingFileAppender">
        <file>@log_Home@/psys-message.json</file>
        <rollingPolicy class="ch.qos.logback.core.rolling.TimeBasedRollingPolicy">
            <fileNamePattern>@log_Home@/psys-message.json.%d{yyyy-MM-dd}.gz</fileNamePattern>
            <maxHistory>7</maxHistory>
        </rollingPolicy>
        <encoder class="net.logstash.logback.encoder.LoggingEventCompositeJsonEncoder">
            <providers>
                <timestamp>
                    <timeZone>UTC</timeZone>
                </timestamp>
                <pattern>
                    <pattern>
                        {
                        "severity": "%level",
                        "service": "${springAppName:-}",
                        "trace": "%X{X-B3-TraceId:-}",
                        "span": "%X{X-B3-SpanId:-}",
                        "parent": "%X{X-B3-ParentSpanId:-}",
                        "exportable": "%X{X-Span-Export:-}",
                        "pid": "${PID:-}",
                        "thread": "%thread",
                        "class": "%logger{40}",
                        "rest": "%X{state} %message"
                        }
                    </pattern>
                </pattern>
            </providers>
        </encoder>
    </appender>

    <!-- logstash remote-->
    <appender name="LOGSTASH-REMOTE" class="net.logstash.logback.appender.LogstashTcpSocketAppender">
        <destination>192.168.75.134:5000</destination>
        <encoder class="net.logstash.logback.encoder.LoggingEventCompositeJsonEncoder">
            <providers>
                <timestamp>
                    <timeZone>UTC</timeZone>
                </timestamp>
                <pattern>
                    <pattern>
                        {
                        "severity": "%level",
                        "service": "${springAppName:-}",
                        "trace": "%X{X-B3-TraceId:-}",
                        "span": "%X{X-B3-SpanId:-}",
                        "parent": "%X{X-B3-ParentSpanId:-}",
                        "exportable": "%X{X-Span-Export:-}",
                        "pid": "${PID:-}",
                        "thread": "%thread",
                        "class": "%logger{40}",
                        "rest": "%X{state} %message"
                        }
                    </pattern>
                </pattern>
            </providers>
        </encoder>
    </appender>
    
    <logger name="jdbc.audit" level="@log4jdbc.jdbc.audit@" />
    <logger name="jdbc.resultset" level="@log4jdbc.jdbc.resultset@" />
    <logger name="jdbc.sqlonly" level="@log4jdbc.jdbc.sqlonly@" />
    <logger name="jdbc.sqltiming" level="@log4jdbc.jdbc.sqltiming@" />
    <logger name="jdbc.connection" level="@log4jdbc.jdbc.connection@" />
    
	<root level="INFO">
		<appender-ref ref="STDOUT" />
		<appender-ref ref="ASYNC" />
        <appender-ref ref="LOGSTASH" />
        <appender-ref ref="LOGSTASH-REMOTE" />
	</root>
</configuration>