<?xml version="1.0" encoding="UTF-8"?>
<!DOCTYPE mapper PUBLIC "-//mybatis.org//DTD Mapper 3.0//EN" "http://mybatis.org/dtd/mybatis-3-mapper.dtd">
<mapper namespace="com.js.port.etl.dao.efficiency.MZEfficiencyDao">
	
	<resultMap type="java.util.Map" id="zEfficiencyMap">
		<result column="ID"            property="id"          javaType="java.lang.String"    jdbcType="BIGINT"/>
        <result column="MACHINE"       property="machine"     javaType="java.lang.String"    jdbcType="VARCHAR"/>
        <result column="CODE_MACHINE"  property="codeMachine" javaType="java.lang.String"    jdbcType="VARCHAR"/>
        <result column="COMPANY"       property="company"     javaType="java.lang.String"    jdbcType="VARCHAR"/>
        <result column="MACHINETYPE"   property="machineType" javaType="java.lang.String"    jdbcType="VARCHAR"/>
        <result column="HOURS"         property="hours"       javaType="java.lang.String"    jdbcType="DECIMAL"/>
        <result column="CARGO"         property="cargo"       javaType="java.lang.String"    jdbcType="VARCHAR"/>
        <result column="FACTWEIGHT"    property="factweight"  javaType="java.lang.String"    jdbcType="DECIMAL"/>
        <result column="TALLYDATE"     property="tallyDate"   javaType="java.lang.String"    jdbcType="TIMESTAMP"/>
        <result column="CREATETIME"    property="createTime"  javaType="java.lang.String"    jdbcType="VARCHAR"/>
    </resultMap>
    <insert id="insert">
     INSERT INTO z_efficiency (ID,MACHINE,CODE_MACHINE,COMPANY,MACHINETYPE,HOURS,cargo,FACTWEIGHT,TALLYDATE,CREATETIME)
        VALUES (#{id},#{machine}, #{codeMachine}, #{company}, #{machineType}, #{hours},#{cargo},#{factWeight},#{tallyDate},#{createTime})
    </insert>   
        <select id = "checkRecordByTime" resultType = "java.lang.Integer">
    
    select count(id) count from z_efficiency where createTime = #{thisTime}
    </select>
    
    <delete id="deleteByTime">
    delete from z_efficiency where createTime = #{thisTime}
    </delete>
    
    
</mapper>