{"properties": [
  {
    "name": "spring.datasource.master.username",
    "type": "java.lang.String",
    "description": "A description for 'spring.datasource.master.username'"
  },
  {
    "name": "spring.datasource.master.password",
    "type": "java.lang.String",
    "description": "A description for 'spring.datasource.master.password'"
  },
  {
    "name": "spring.datasource.master.url",
    "type": "java.lang.String",
    "description": "A description for 'spring.datasource.master.url'"
  },
  {
    "name": "spring.datasource.slave-psys-master.username",
    "type": "java.lang.String",
    "description": "A description for 'spring.datasource.slave-psys-master.username'"
  },
  {
    "name": "spring.datasource.slave-psys-master.password",
    "type": "java.lang.String",
    "description": "A description for 'spring.datasource.slave-psys-master.password'"
  },
  {
    "name": "spring.datasource.slave-psys-master.url",
    "type": "java.lang.String",
    "description": "A description for 'spring.datasource.slave-psys-master.url'"
  }
]}