{"properties": [
  {
    "name": "spring.datasource.master.username",
    "type": "java.lang.String",
    "description": "A description for 'spring.datasource.master.username'"
  },
  {
    "name": "spring.datasource.master.password",
    "type": "java.lang.String",
    "description": "A description for 'spring.datasource.master.password'"
  },
  {
    "name": "spring.datasource.master.url",
    "type": "java.lang.String",
    "description": "A description for 'spring.datasource.master.url'"
  },
  {
    "name": "spring.datasource.slave-psys-master.username",
    "type": "java.lang.String",
    "description": "A description for 'spring.datasource.slave-psys-master.username'"
  },
  {
    "name": "spring.datasource.slave-psys-master.password",
    "type": "java.lang.String",
    "description": "A description for 'spring.datasource.slave-psys-master.password'"
  },
  {
    "name": "spring.datasource.slave-psys-master.url",
    "type": "java.lang.String",
    "description": "A description for 'spring.datasource.slave-psys-master.url'"
  },
  {
    "name": "spring.datasource.slave-psys-business.username",
    "type": "java.lang.String",
    "description": "A description for 'spring.datasource.slave-psys-business.username'"
  },
  {
    "name": "spring.datasource.slave-psys-business.password",
    "type": "java.lang.String",
    "description": "A description for 'spring.datasource.slave-psys-business.password'"
  },
  {
    "name": "spring.datasource.slave-psys-business.url",
    "type": "java.lang.String",
    "description": "A description for 'spring.datasource.slave-psys-business.url'"
  },
  {
    "name": "xxl.job.admin.addresses",
    "type": "java.lang.String",
    "description": "A description for 'xxl.job.admin.addresses'"
  },
  {
    "name": "xxl.job.executor.appname",
    "type": "java.lang.String",
    "description": "A description for 'xxl.job.executor.appname'"
  },
  {
    "name": "xxl.job.executor.ip",
    "type": "java.lang.String",
    "description": "A description for 'xxl.job.executor.ip'"
  },
  {
    "name": "xxl.job.executor.port",
    "type": "java.lang.String",
    "description": "A description for 'xxl.job.executor.port'"
  },
  {
    "name": "xxl.job.executor.logpath",
    "type": "java.lang.String",
    "description": "A description for 'xxl.job.executor.logpath'"
  },
  {
    "name": "xxl.job.executor.logretentiondays",
    "type": "java.lang.String",
    "description": "A description for 'xxl.job.executor.logretentiondays'"
  },
  {
    "name": "xxl.job.accessToken",
    "type": "java.lang.String",
    "description": "A description for 'xxl.job.accessToken'"
  },
  {
    "name": "spring.datasource.master.driver-class-name",
    "type": "java.lang.String",
    "description": "A description for 'spring.datasource.master.driver-class-name'"
  },
  {
    "name": "spring.datasource.slave-psys-master.driver-class-name",
    "type": "java.lang.String",
    "description": "A description for 'spring.datasource.slave-psys-master.driver-class-name'"
  },
  {
    "name": "spring.datasource.slave-psys-business.driver-class-name",
    "type": "java.lang.String",
    "description": "A description for 'spring.datasource.slave-psys-business.driver-class-name'"
  },
  {
    "name": "spring.datasource.slave-old-psys.username",
    "type": "java.lang.String",
    "description": "A description for 'spring.datasource.slave-old-psys.username'"
  },
  {
    "name": "spring.datasource.slave-old-psys.password",
    "type": "java.lang.String",
    "description": "A description for 'spring.datasource.slave-old-psys.password'"
  },
  {
    "name": "spring.datasource.slave-old-psys.driver-class-name",
    "type": "java.lang.String",
    "description": "A description for 'spring.datasource.slave-old-psys.driver-class-name'"
  },
  {
    "name": "spring.datasource.slave-old-psys.url",
    "type": "java.lang.String",
    "description": "A description for 'spring.datasource.slave-old-psys.url'"
  }
]}