{"properties": [
  {
    "name": "spring.datasource.druid.name",
    "type": "java.lang.String",
    "description": "A description for 'spring.datasource.druid.name'"
  },
  {
    "name": "spring.datasource.druid.username",
    "type": "java.lang.String",
    "description": "A description for 'spring.datasource.druid.username'"
  },
  {
    "name": "spring.datasource.druid.password",
    "type": "java.lang.String",
    "description": "A description for 'spring.datasource.druid.password'"
  },
  {
    "name": "spring.datasource.druid.url",
    "type": "java.lang.String",
    "description": "A description for 'spring.datasource.druid.url'"
  },
  {
    "name": "spring.datasource.druid.async-init",
    "type": "java.lang.String",
    "description": "A description for 'spring.datasource.druid.async-init'"
  },
  {
    "name": "spring.datasource.druid.initial-size",
    "type": "java.lang.String",
    "description": "A description for 'spring.datasource.druid.initial-size'"
  },
  {
    "name": "spring.datasource.druid.max-active",
    "type": "java.lang.String",
    "description": "A description for 'spring.datasource.druid.max-active'"
  },
  {
    "name": "spring.datasource.druid.min-idle",
    "type": "java.lang.String",
    "description": "A description for 'spring.datasource.druid.min-idle'"
  },
  {
    "name": "spring.datasource.druid.max-wait",
    "type": "java.lang.String",
    "description": "A description for 'spring.datasource.druid.max-wait'"
  },
  {
    "name": "spring.datasource.druid.use-unfair-lock",
    "type": "java.lang.String",
    "description": "A description for 'spring.datasource.druid.use-unfair-lock'"
  },
  {
    "name": "spring.datasource.druid.pool-prepared-statements",
    "type": "java.lang.String",
    "description": "A description for 'spring.datasource.druid.pool-prepared-statements'"
  },
  {
    "name": "spring.datasource.druid.max-open-prepared-statements",
    "type": "java.lang.String",
    "description": "A description for 'spring.datasource.druid.max-open-prepared-statements'"
  },
  {
    "name": "spring.datasource.druid.time-between-eviction-runs-millis",
    "type": "java.lang.String",
    "description": "A description for 'spring.datasource.druid.time-between-eviction-runs-millis'"
  },
  {
    "name": "spring.datasource.druid.min-evictable-idle-time-millis",
    "type": "java.lang.String",
    "description": "A description for 'spring.datasource.druid.min-evictable-idle-time-millis'"
  },
  {
    "name": "spring.datasource.druid.max-evictable-idle-time-millis",
    "type": "java.lang.String",
    "description": "A description for 'spring.datasource.druid.max-evictable-idle-time-millis'"
  },
  {
    "name": "spring.datasource.druid.validation-query",
    "type": "java.lang.String",
    "description": "A description for 'spring.datasource.druid.validation-query'"
  },
  {
    "name": "spring.datasource.druid.test-on-borrow",
    "type": "java.lang.String",
    "description": "A description for 'spring.datasource.druid.test-on-borrow'"
  },
  {
    "name": "spring.datasource.druid.test-while-idle",
    "type": "java.lang.String",
    "description": "A description for 'spring.datasource.druid.test-while-idle'"
  },
  {
    "name": "spring.datasource.druid.test-on-return",
    "type": "java.lang.String",
    "description": "A description for 'spring.datasource.druid.test-on-return'"
  },
  {
    "name": "cros.config.path-pattern",
    "type": "java.lang.String",
    "description": "A description for 'cros.config.path-pattern'"
  },
  {
    "name": "cros.config.origins",
    "type": "java.lang.String",
    "description": "A description for 'cros.config.origins'"
  },
  {
    "name": "cros.config.allowMethods",
    "type": "java.lang.String",
    "description": "A description for 'cros.config.allowMethods'"
  },
  {
    "name": "cros.config.allowCredentials",
    "type": "java.lang.String",
    "description": "A description for 'cros.config.allowCredentials'"
  },
  {
    "name": "cros.config.allowHeaders",
    "type": "java.lang.String",
    "description": "A description for 'cros.config.allowHeaders'"
  },
  {
    "name": "apollo.namespace",
    "type": "java.lang.String",
    "description": "A description for 'apollo.namespace'"
  },
  {
    "name": "apollo.env",
    "type": "java.lang.String",
    "description": "A description for 'apollo.env'"
  },
  {
    "name": "apollo.refreshInterval",
    "type": "java.lang.String",
    "description": "A description for 'apollo.refreshInterval'"
  },
  {
    "name": "management.endpoints.web.exposure.include",
    "type": "java.lang.String",
    "description": "A description for 'management.endpoints.web.exposure.include'"
  },
  {
    "name": "management.endpoint.health.show-details",
    "type": "java.lang.String",
    "description": "A description for 'management.endpoint.health.show-details'"
  },
  {
    "name": "message.ip",
    "type": "java.lang.String",
    "description": "A description for 'message.ip'"
  },
  {
    "name": "message.port",
    "type": "java.lang.String",
    "description": "A description for 'message.port'"
  }
]}