<?xml version="1.0" encoding="UTF-8"?>
<!DOCTYPE mapper PUBLIC "-//mybatis.org//DTD Mapper 3.0//EN" "http://mybatis.org/dtd/mybatis-3-mapper.dtd">
<mapper namespace="com.js.port.etl.dao.zeroUtil.MZeroUtilDao">
	
	<resultMap type="java.util.Map" id="zZeroUtilMap">
		<result column="ID"       		property="id" 			   	jdbcType="BIGINT"/>
        <result column="MACHINE"    	property="machine" 		   	jdbcType="VARCHAR"/>
        <result column="COD_EMACHINE" 	property="codeMachine" 	 	jdbcType="VARCHAR"/>
        <result column="COMPANY" 		property="company" 		 	jdbcType="VARCHAR"/>
        <result column="MACHINETYPE" 	property="machineType" 		jdbcType="VARCHAR"/>
        <result column="HOURS" 			property="hours" 		 	jdbcType="DECIMAL"/>
        <result column="FACTWEIGHT" 	property="factWeight" 	 	jdbcType="DECIMAL"/>
        <result column="TIME" 			property="time" 		 	jdbcType="TIMESTAMP"/>
        <result column="CREATETIME" 	property="createTime" 	 	jdbcType="VARCHAR"/>
    </resultMap>
    <insert id="insert">
     INSERT INTO z_zeroutil (ID,MACHINE,CODE_MACHINE,COMPANY,MACHINETYPE,HOURS,FACTWEIGHT,TIME,CREATETIME)
        VALUES (#{id},#{machine}, #{codeMachine}, #{company}, #{machineType}, #{hours},#{factWeight},#{time},#{createTime})
    </insert>   
    <select id = "checkRecordByTime" resultType = "java.lang.Integer">
    
    select count(id) count from z_zeroutil where createTime = #{thisTime}
    </select>
    
    <delete id="deleteByTime">
    delete from z_zeroutil where createTime = #{thisTime}
    </delete>
</mapper>